{
  "model": "Deep Neural Network",
  "auc_roc": 0.8924631034138947,
  "f1": 0.701203940167822,
  "precision": 0.694364161849711,
  "recall": 0.7081798084008843,
  "accuracy": 0.8694196428571429
}